time;model_id;model_name;port_name;data
0;1;(3,4);;<2, 5, 0, 0>
0;2;(4,3);;<2, 5, 0, 0>
0;3;(1,3);;<2, 5, 0, 0>
0;4;(0,4);;<2, 5, 0, 0>
0;5;(0,3);;<2, 5, 0, 0>
0;6;(0,0);;<2, 5, 0, 0>
0;7;(1,0);;<2, 5, 0, 0>
0;8;(2,2);;<2, 5, 0, 0>
0;9;(2,0);;<2, 5, 0, 0>
0;10;(3,0);;<2, 5, 0, 0>
0;11;(1,1);;<2, 5, 0, 0>
0;12;(2,1);;<2, 5, 0, 0>
0;13;(1,4);;<2, 5, 0, 0>
0;14;(4,0);;<2, 5, 0, 0>
0;15;(3,3);;<2, 5, 0, 0>
0;16;(4,1);;<2, 5, 0, 0>
0;17;(0,2);;<2, 5, 0, 0>
0;18;(0,1);;<2, 5, 0, 0>
0;19;(4,4);;<2, 5, 0, 0>
0;20;(2,4);;<2, 5, 0, 0>
0;21;(3,1);;<2, 5, 0, 0>
0;22;(2,3);;<2, 5, 0, 0>
0;23;(4,2);;<2, 5, 0, 0>
0;24;(3,2);;<2, 5, 0, 0>
0;25;(1,2);;<2, 5, 0, 0>
0;1;(3,4);outputNeighborhood;<2, 5, 0, 0>
0;1;(3,4);;<2, 5, 1, 0>
0;2;(4,3);outputNeighborhood;<2, 5, 0, 0>
0;2;(4,3);;<2, 5, 1, 0>
0;3;(1,3);outputNeighborhood;<2, 5, 0, 0>
0;3;(1,3);;<2, 5, 1, 0>
0;4;(0,4);outputNeighborhood;<2, 5, 0, 0>
0;4;(0,4);;<2, 5, 1, 0>
0;5;(0,3);outputNeighborhood;<2, 5, 0, 0>
0;5;(0,3);;<2, 5, 1, 0>
0;6;(0,0);outputNeighborhood;<2, 5, 0, 0>
0;6;(0,0);;<2, 5, 1, 0>
0;7;(1,0);outputNeighborhood;<2, 5, 0, 0>
0;7;(1,0);;<2, 5, 1, 0>
0;8;(2,2);outputNeighborhood;<2, 5, 0, 0>
0;8;(2,2);;<2, 5, 1, 0>
0;9;(2,0);outputNeighborhood;<2, 5, 0, 0>
0;9;(2,0);;<2, 5, 1, 0>
0;10;(3,0);outputNeighborhood;<2, 5, 0, 0>
0;10;(3,0);;<2, 5, 1, 0>
0;11;(1,1);outputNeighborhood;<2, 5, 0, 0>
0;11;(1,1);;<2, 5, 1, 0>
0;12;(2,1);outputNeighborhood;<2, 5, 0, 0>
0;12;(2,1);;<2, 5, 1, 0>
0;13;(1,4);outputNeighborhood;<2, 5, 0, 0>
0;13;(1,4);;<2, 5, 1, 0>
0;14;(4,0);outputNeighborhood;<2, 5, 0, 0>
0;14;(4,0);;<2, 5, 1, 0>
0;15;(3,3);outputNeighborhood;<2, 5, 0, 0>
0;15;(3,3);;<2, 5, 1, 0>
0;16;(4,1);outputNeighborhood;<2, 5, 0, 0>
0;16;(4,1);;<2, 5, 1, 0>
0;17;(0,2);outputNeighborhood;<2, 5, 0, 0>
0;17;(0,2);;<2, 5, 1, 0>
0;18;(0,1);outputNeighborhood;<2, 5, 0, 0>
0;18;(0,1);;<2, 5, 1, 0>
0;19;(4,4);outputNeighborhood;<2, 5, 0, 0>
0;19;(4,4);;<2, 5, 1, 0>
0;20;(2,4);outputNeighborhood;<2, 5, 0, 0>
0;20;(2,4);;<2, 5, 1, 0>
0;21;(3,1);outputNeighborhood;<2, 5, 0, 0>
0;21;(3,1);;<2, 5, 1, 0>
0;22;(2,3);outputNeighborhood;<2, 5, 0, 0>
0;22;(2,3);;<2, 5, 1, 0>
0;23;(4,2);outputNeighborhood;<2, 5, 0, 0>
0;23;(4,2);;<2, 5, 1, 0>
0;24;(3,2);outputNeighborhood;<2, 5, 0, 0>
0;24;(3,2);;<2, 5, 1, 0>
0;25;(1,2);outputNeighborhood;<2, 5, 0, 0>
0;25;(1,2);;<2, 5, 1, 0>
1;1;(3,4);outputNeighborhood;<2, 5, 1, 0>
1;1;(3,4);;<2, 5, 2, 0>
1;2;(4,3);outputNeighborhood;<2, 5, 1, 0>
1;2;(4,3);;<2, 5, 2, 0>
1;3;(1,3);outputNeighborhood;<2, 5, 1, 0>
1;3;(1,3);;<2, 5, 2, 0>
1;4;(0,4);outputNeighborhood;<2, 5, 1, 0>
1;4;(0,4);;<2, 5, 2, 0>
1;5;(0,3);outputNeighborhood;<2, 5, 1, 0>
1;5;(0,3);;<2, 5, 2, 0>
1;6;(0,0);outputNeighborhood;<2, 5, 1, 0>
1;6;(0,0);;<2, 5, 2, 0>
1;7;(1,0);outputNeighborhood;<2, 5, 1, 0>
1;7;(1,0);;<2, 5, 2, 0>
1;8;(2,2);outputNeighborhood;<2, 5, 1, 0>
1;8;(2,2);;<2, 5, 2, 0>
1;9;(2,0);outputNeighborhood;<2, 5, 1, 0>
1;9;(2,0);;<2, 5, 2, 0>
1;10;(3,0);outputNeighborhood;<2, 5, 1, 0>
1;10;(3,0);;<2, 5, 2, 0>
1;11;(1,1);outputNeighborhood;<2, 5, 1, 0>
1;11;(1,1);;<2, 5, 2, 0>
1;12;(2,1);outputNeighborhood;<2, 5, 1, 0>
1;12;(2,1);;<2, 5, 2, 0>
1;13;(1,4);outputNeighborhood;<2, 5, 1, 0>
1;13;(1,4);;<2, 5, 2, 0>
1;14;(4,0);outputNeighborhood;<2, 5, 1, 0>
1;14;(4,0);;<2, 5, 2, 0>
1;15;(3,3);outputNeighborhood;<2, 5, 1, 0>
1;15;(3,3);;<2, 5, 2, 0>
1;16;(4,1);outputNeighborhood;<2, 5, 1, 0>
1;16;(4,1);;<2, 5, 2, 0>
1;17;(0,2);outputNeighborhood;<2, 5, 1, 0>
1;17;(0,2);;<2, 5, 2, 0>
1;18;(0,1);outputNeighborhood;<2, 5, 1, 0>
1;18;(0,1);;<2, 5, 2, 0>
1;19;(4,4);outputNeighborhood;<2, 5, 1, 0>
1;19;(4,4);;<2, 5, 2, 0>
1;20;(2,4);outputNeighborhood;<2, 5, 1, 0>
1;20;(2,4);;<2, 5, 2, 0>
1;21;(3,1);outputNeighborhood;<2, 5, 1, 0>
1;21;(3,1);;<2, 5, 2, 0>
1;22;(2,3);outputNeighborhood;<2, 5, 1, 0>
1;22;(2,3);;<2, 5, 2, 0>
1;23;(4,2);outputNeighborhood;<2, 5, 1, 0>
1;23;(4,2);;<2, 5, 2, 0>
1;24;(3,2);outputNeighborhood;<2, 5, 1, 0>
1;24;(3,2);;<2, 5, 2, 0>
1;25;(1,2);outputNeighborhood;<2, 5, 1, 0>
1;25;(1,2);;<2, 5, 2, 0>
2;1;(3,4);outputNeighborhood;<2, 5, 2, 0>
2;1;(3,4);;<2, 5, 3, 0>
2;2;(4,3);outputNeighborhood;<2, 5, 2, 0>
2;2;(4,3);;<2, 5, 3, 0>
2;3;(1,3);outputNeighborhood;<2, 5, 2, 0>
2;3;(1,3);;<2, 5, 3, 0>
2;4;(0,4);outputNeighborhood;<2, 5, 2, 0>
2;4;(0,4);;<2, 5, 3, 0>
2;5;(0,3);outputNeighborhood;<2, 5, 2, 0>
2;5;(0,3);;<2, 5, 3, 0>
2;6;(0,0);outputNeighborhood;<2, 5, 2, 0>
2;6;(0,0);;<2, 5, 3, 0>
2;7;(1,0);outputNeighborhood;<2, 5, 2, 0>
2;7;(1,0);;<2, 5, 3, 0>
2;8;(2,2);outputNeighborhood;<2, 5, 2, 0>
2;8;(2,2);;<2, 5, 3, 0>
2;9;(2,0);outputNeighborhood;<2, 5, 2, 0>
2;9;(2,0);;<2, 5, 3, 0>
2;10;(3,0);outputNeighborhood;<2, 5, 2, 0>
2;10;(3,0);;<2, 5, 3, 0>
2;11;(1,1);outputNeighborhood;<2, 5, 2, 0>
2;11;(1,1);;<2, 5, 3, 0>
2;12;(2,1);outputNeighborhood;<2, 5, 2, 0>
2;12;(2,1);;<2, 5, 3, 0>
2;13;(1,4);outputNeighborhood;<2, 5, 2, 0>
2;13;(1,4);;<2, 5, 3, 0>
2;14;(4,0);outputNeighborhood;<2, 5, 2, 0>
2;14;(4,0);;<2, 5, 3, 0>
2;15;(3,3);outputNeighborhood;<2, 5, 2, 0>
2;15;(3,3);;<2, 5, 3, 0>
2;16;(4,1);outputNeighborhood;<2, 5, 2, 0>
2;16;(4,1);;<2, 5, 3, 0>
2;17;(0,2);outputNeighborhood;<2, 5, 2, 0>
2;17;(0,2);;<2, 5, 3, 0>
2;18;(0,1);outputNeighborhood;<2, 5, 2, 0>
2;18;(0,1);;<2, 5, 3, 0>
2;19;(4,4);outputNeighborhood;<2, 5, 2, 0>
2;19;(4,4);;<2, 5, 3, 0>
2;20;(2,4);outputNeighborhood;<2, 5, 2, 0>
2;20;(2,4);;<2, 5, 3, 0>
2;21;(3,1);outputNeighborhood;<2, 5, 2, 0>
2;21;(3,1);;<2, 5, 3, 0>
2;22;(2,3);outputNeighborhood;<2, 5, 2, 0>
2;22;(2,3);;<2, 5, 3, 0>
2;23;(4,2);outputNeighborhood;<2, 5, 2, 0>
2;23;(4,2);;<2, 5, 3, 0>
2;24;(3,2);outputNeighborhood;<2, 5, 2, 0>
2;24;(3,2);;<2, 5, 3, 0>
2;25;(1,2);outputNeighborhood;<2, 5, 2, 0>
2;25;(1,2);;<2, 5, 3, 0>
3;1;(3,4);outputNeighborhood;<2, 5, 3, 0>
3;1;(3,4);;<2, 5, 4, 0>
3;2;(4,3);outputNeighborhood;<2, 5, 3, 0>
3;2;(4,3);;<2, 5, 4, 0>
3;3;(1,3);outputNeighborhood;<2, 5, 3, 0>
3;3;(1,3);;<2, 5, 4, 0>
3;4;(0,4);outputNeighborhood;<2, 5, 3, 0>
3;4;(0,4);;<2, 5, 4, 0>
3;5;(0,3);outputNeighborhood;<2, 5, 3, 0>
3;5;(0,3);;<2, 5, 4, 0>
3;6;(0,0);outputNeighborhood;<2, 5, 3, 0>
3;6;(0,0);;<2, 5, 4, 0>
3;7;(1,0);outputNeighborhood;<2, 5, 3, 0>
3;7;(1,0);;<2, 5, 4, 0>
3;8;(2,2);outputNeighborhood;<2, 5, 3, 0>
3;8;(2,2);;<2, 5, 4, 0>
3;9;(2,0);outputNeighborhood;<2, 5, 3, 0>
3;9;(2,0);;<2, 5, 4, 0>
3;10;(3,0);outputNeighborhood;<2, 5, 3, 0>
3;10;(3,0);;<2, 5, 4, 0>
3;11;(1,1);outputNeighborhood;<2, 5, 3, 0>
3;11;(1,1);;<2, 5, 4, 0>
3;12;(2,1);outputNeighborhood;<2, 5, 3, 0>
3;12;(2,1);;<2, 5, 4, 0>
3;13;(1,4);outputNeighborhood;<2, 5, 3, 0>
3;13;(1,4);;<2, 5, 4, 0>
3;14;(4,0);outputNeighborhood;<2, 5, 3, 0>
3;14;(4,0);;<2, 5, 4, 0>
3;15;(3,3);outputNeighborhood;<2, 5, 3, 0>
3;15;(3,3);;<2, 5, 4, 0>
3;16;(4,1);outputNeighborhood;<2, 5, 3, 0>
3;16;(4,1);;<2, 5, 4, 0>
3;17;(0,2);outputNeighborhood;<2, 5, 3, 0>
3;17;(0,2);;<2, 5, 4, 0>
3;18;(0,1);outputNeighborhood;<2, 5, 3, 0>
3;18;(0,1);;<2, 5, 4, 0>
3;19;(4,4);outputNeighborhood;<2, 5, 3, 0>
3;19;(4,4);;<2, 5, 4, 0>
3;20;(2,4);outputNeighborhood;<2, 5, 3, 0>
3;20;(2,4);;<2, 5, 4, 0>
3;21;(3,1);outputNeighborhood;<2, 5, 3, 0>
3;21;(3,1);;<2, 5, 4, 0>
3;22;(2,3);outputNeighborhood;<2, 5, 3, 0>
3;22;(2,3);;<2, 5, 4, 0>
3;23;(4,2);outputNeighborhood;<2, 5, 3, 0>
3;23;(4,2);;<2, 5, 4, 0>
3;24;(3,2);outputNeighborhood;<2, 5, 3, 0>
3;24;(3,2);;<2, 5, 4, 0>
3;25;(1,2);outputNeighborhood;<2, 5, 3, 0>
3;25;(1,2);;<2, 5, 4, 0>
4;1;(3,4);outputNeighborhood;<2, 5, 4, 0>
4;1;(3,4);;<4, 5, 5, 0>
4;2;(4,3);outputNeighborhood;<2, 5, 4, 0>
4;2;(4,3);;<4, 5, 5, 0>
4;3;(1,3);outputNeighborhood;<2, 5, 4, 0>
4;3;(1,3);;<4, 5, 5, 0>
4;4;(0,4);outputNeighborhood;<2, 5, 4, 0>
4;4;(0,4);;<4, 5, 5, 0>
4;5;(0,3);outputNeighborhood;<2, 5, 4, 0>
4;5;(0,3);;<4, 5, 5, 0>
4;6;(0,0);outputNeighborhood;<2, 5, 4, 0>
4;6;(0,0);;<4, 5, 5, 0>
4;7;(1,0);outputNeighborhood;<2, 5, 4, 0>
4;7;(1,0);;<4, 5, 5, 0>
4;8;(2,2);outputNeighborhood;<2, 5, 4, 0>
4;8;(2,2);;<4, 5, 5, 0>
4;9;(2,0);outputNeighborhood;<2, 5, 4, 0>
4;9;(2,0);;<4, 5, 5, 0>
4;10;(3,0);outputNeighborhood;<2, 5, 4, 0>
4;10;(3,0);;<4, 5, 5, 0>
4;11;(1,1);outputNeighborhood;<2, 5, 4, 0>
4;11;(1,1);;<4, 5, 5, 0>
4;12;(2,1);outputNeighborhood;<2, 5, 4, 0>
4;12;(2,1);;<4, 5, 5, 0>
4;13;(1,4);outputNeighborhood;<2, 5, 4, 0>
4;13;(1,4);;<4, 5, 5, 0>
4;14;(4,0);outputNeighborhood;<2, 5, 4, 0>
4;14;(4,0);;<4, 5, 5, 0>
4;15;(3,3);outputNeighborhood;<2, 5, 4, 0>
4;15;(3,3);;<4, 5, 5, 0>
4;16;(4,1);outputNeighborhood;<2, 5, 4, 0>
4;16;(4,1);;<4, 5, 5, 0>
4;17;(0,2);outputNeighborhood;<2, 5, 4, 0>
4;17;(0,2);;<4, 5, 5, 0>
4;18;(0,1);outputNeighborhood;<2, 5, 4, 0>
4;18;(0,1);;<4, 5, 5, 0>
4;19;(4,4);outputNeighborhood;<2, 5, 4, 0>
4;19;(4,4);;<4, 5, 5, 0>
4;20;(2,4);outputNeighborhood;<2, 5, 4, 0>
4;20;(2,4);;<4, 5, 5, 0>
4;21;(3,1);outputNeighborhood;<2, 5, 4, 0>
4;21;(3,1);;<4, 5, 5, 0>
4;22;(2,3);outputNeighborhood;<2, 5, 4, 0>
4;22;(2,3);;<4, 5, 5, 0>
4;23;(4,2);outputNeighborhood;<2, 5, 4, 0>
4;23;(4,2);;<4, 5, 5, 0>
4;24;(3,2);outputNeighborhood;<2, 5, 4, 0>
4;24;(3,2);;<4, 5, 5, 0>
4;25;(1,2);outputNeighborhood;<2, 5, 4, 0>
4;25;(1,2);;<4, 5, 5, 0>
5;1;(3,4);outputNeighborhood;<4, 5, 5, 0>
5;1;(3,4);;<2, 6, 5, 0>
5;2;(4,3);outputNeighborhood;<4, 5, 5, 0>
5;2;(4,3);;<2, 6, 5, 0>
5;3;(1,3);outputNeighborhood;<4, 5, 5, 0>
5;3;(1,3);;<2, 6, 5, 0>
5;4;(0,4);outputNeighborhood;<4, 5, 5, 0>
5;4;(0,4);;<2, 6, 5, 0>
5;5;(0,3);outputNeighborhood;<4, 5, 5, 0>
5;5;(0,3);;<2, 6, 5, 0>
5;6;(0,0);outputNeighborhood;<4, 5, 5, 0>
5;6;(0,0);;<2, 6, 5, 0>
5;7;(1,0);outputNeighborhood;<4, 5, 5, 0>
5;7;(1,0);;<2, 6, 5, 0>
5;8;(2,2);outputNeighborhood;<4, 5, 5, 0>
5;8;(2,2);;<2, 6, 5, 0>
5;9;(2,0);outputNeighborhood;<4, 5, 5, 0>
5;9;(2,0);;<2, 6, 5, 0>
5;10;(3,0);outputNeighborhood;<4, 5, 5, 0>
5;10;(3,0);;<2, 6, 5, 0>
5;11;(1,1);outputNeighborhood;<4, 5, 5, 0>
5;11;(1,1);;<2, 6, 5, 0>
5;12;(2,1);outputNeighborhood;<4, 5, 5, 0>
5;12;(2,1);;<2, 6, 5, 0>
5;13;(1,4);outputNeighborhood;<4, 5, 5, 0>
5;13;(1,4);;<2, 6, 5, 0>
5;14;(4,0);outputNeighborhood;<4, 5, 5, 0>
5;14;(4,0);;<2, 6, 5, 0>
5;15;(3,3);outputNeighborhood;<4, 5, 5, 0>
5;15;(3,3);;<2, 6, 5, 0>
5;16;(4,1);outputNeighborhood;<4, 5, 5, 0>
5;16;(4,1);;<2, 6, 5, 0>
5;17;(0,2);outputNeighborhood;<4, 5, 5, 0>
5;17;(0,2);;<2, 6, 5, 0>
5;18;(0,1);outputNeighborhood;<4, 5, 5, 0>
5;18;(0,1);;<2, 6, 5, 0>
5;19;(4,4);outputNeighborhood;<4, 5, 5, 0>
5;19;(4,4);;<2, 6, 5, 0>
5;20;(2,4);outputNeighborhood;<4, 5, 5, 0>
5;20;(2,4);;<2, 6, 5, 0>
5;21;(3,1);outputNeighborhood;<4, 5, 5, 0>
5;21;(3,1);;<2, 6, 5, 0>
5;22;(2,3);outputNeighborhood;<4, 5, 5, 0>
5;22;(2,3);;<2, 6, 5, 0>
5;23;(4,2);outputNeighborhood;<4, 5, 5, 0>
5;23;(4,2);;<2, 6, 5, 0>
5;24;(3,2);outputNeighborhood;<4, 5, 5, 0>
5;24;(3,2);;<2, 6, 5, 0>
5;25;(1,2);outputNeighborhood;<4, 5, 5, 0>
5;25;(1,2);;<2, 6, 5, 0>
6;1;(3,4);outputNeighborhood;<2, 6, 5, 0>
6;1;(3,4);;<2, 6, 6, 0>
6;2;(4,3);outputNeighborhood;<2, 6, 5, 0>
6;2;(4,3);;<2, 6, 6, 0>
6;3;(1,3);outputNeighborhood;<2, 6, 5, 0>
6;3;(1,3);;<2, 6, 6, 0>
6;4;(0,4);outputNeighborhood;<2, 6, 5, 0>
6;4;(0,4);;<2, 6, 6, 0>
6;5;(0,3);outputNeighborhood;<2, 6, 5, 0>
6;5;(0,3);;<2, 6, 6, 0>
6;6;(0,0);outputNeighborhood;<2, 6, 5, 0>
6;6;(0,0);;<2, 6, 6, 0>
6;7;(1,0);outputNeighborhood;<2, 6, 5, 0>
6;7;(1,0);;<2, 6, 6, 0>
6;8;(2,2);outputNeighborhood;<2, 6, 5, 0>
6;8;(2,2);;<2, 6, 6, 0>
6;9;(2,0);outputNeighborhood;<2, 6, 5, 0>
6;9;(2,0);;<2, 6, 6, 0>
6;10;(3,0);outputNeighborhood;<2, 6, 5, 0>
6;10;(3,0);;<2, 6, 6, 0>
6;11;(1,1);outputNeighborhood;<2, 6, 5, 0>
6;11;(1,1);;<2, 6, 6, 0>
6;12;(2,1);outputNeighborhood;<2, 6, 5, 0>
6;12;(2,1);;<2, 6, 6, 0>
6;13;(1,4);outputNeighborhood;<2, 6, 5, 0>
6;13;(1,4);;<2, 6, 6, 0>
6;14;(4,0);outputNeighborhood;<2, 6, 5, 0>
6;14;(4,0);;<2, 6, 6, 0>
6;15;(3,3);outputNeighborhood;<2, 6, 5, 0>
6;15;(3,3);;<2, 6, 6, 0>
6;16;(4,1);outputNeighborhood;<2, 6, 5, 0>
6;16;(4,1);;<2, 6, 6, 0>
6;17;(0,2);outputNeighborhood;<2, 6, 5, 0>
6;17;(0,2);;<2, 6, 6, 0>
6;18;(0,1);outputNeighborhood;<2, 6, 5, 0>
6;18;(0,1);;<2, 6, 6, 0>
6;19;(4,4);outputNeighborhood;<2, 6, 5, 0>
6;19;(4,4);;<2, 6, 6, 0>
6;20;(2,4);outputNeighborhood;<2, 6, 5, 0>
6;20;(2,4);;<2, 6, 6, 0>
6;21;(3,1);outputNeighborhood;<2, 6, 5, 0>
6;21;(3,1);;<2, 6, 6, 0>
6;22;(2,3);outputNeighborhood;<2, 6, 5, 0>
6;22;(2,3);;<2, 6, 6, 0>
6;23;(4,2);outputNeighborhood;<2, 6, 5, 0>
6;23;(4,2);;<2, 6, 6, 0>
6;24;(3,2);outputNeighborhood;<2, 6, 5, 0>
6;24;(3,2);;<2, 6, 6, 0>
6;25;(1,2);outputNeighborhood;<2, 6, 5, 0>
6;25;(1,2);;<2, 6, 6, 0>
7;1;(3,4);outputNeighborhood;<2, 6, 6, 0>
7;1;(3,4);;<2, 6, 7, 0>
7;2;(4,3);outputNeighborhood;<2, 6, 6, 0>
7;2;(4,3);;<2, 6, 7, 0>
7;3;(1,3);outputNeighborhood;<2, 6, 6, 0>
7;3;(1,3);;<2, 6, 7, 0>
7;4;(0,4);outputNeighborhood;<2, 6, 6, 0>
7;4;(0,4);;<2, 6, 7, 0>
7;5;(0,3);outputNeighborhood;<2, 6, 6, 0>
7;5;(0,3);;<2, 6, 7, 0>
7;6;(0,0);outputNeighborhood;<2, 6, 6, 0>
7;6;(0,0);;<2, 6, 7, 0>
7;7;(1,0);outputNeighborhood;<2, 6, 6, 0>
7;7;(1,0);;<2, 6, 7, 0>
7;8;(2,2);outputNeighborhood;<2, 6, 6, 0>
7;8;(2,2);;<2, 6, 7, 0>
7;9;(2,0);outputNeighborhood;<2, 6, 6, 0>
7;9;(2,0);;<2, 6, 7, 0>
7;10;(3,0);outputNeighborhood;<2, 6, 6, 0>
7;10;(3,0);;<2, 6, 7, 0>
7;11;(1,1);outputNeighborhood;<2, 6, 6, 0>
7;11;(1,1);;<2, 6, 7, 0>
7;12;(2,1);outputNeighborhood;<2, 6, 6, 0>
7;12;(2,1);;<2, 6, 7, 0>
7;13;(1,4);outputNeighborhood;<2, 6, 6, 0>
7;13;(1,4);;<2, 6, 7, 0>
7;14;(4,0);outputNeighborhood;<2, 6, 6, 0>
7;14;(4,0);;<2, 6, 7, 0>
7;15;(3,3);outputNeighborhood;<2, 6, 6, 0>
7;15;(3,3);;<2, 6, 7, 0>
7;16;(4,1);outputNeighborhood;<2, 6, 6, 0>
7;16;(4,1);;<2, 6, 7, 0>
7;17;(0,2);outputNeighborhood;<2, 6, 6, 0>
7;17;(0,2);;<2, 6, 7, 0>
7;18;(0,1);outputNeighborhood;<2, 6, 6, 0>
7;18;(0,1);;<2, 6, 7, 0>
7;19;(4,4);outputNeighborhood;<2, 6, 6, 0>
7;19;(4,4);;<2, 6, 7, 0>
7;20;(2,4);outputNeighborhood;<2, 6, 6, 0>
7;20;(2,4);;<2, 6, 7, 0>
7;21;(3,1);outputNeighborhood;<2, 6, 6, 0>
7;21;(3,1);;<2, 6, 7, 0>
7;22;(2,3);outputNeighborhood;<2, 6, 6, 0>
7;22;(2,3);;<2, 6, 7, 0>
7;23;(4,2);outputNeighborhood;<2, 6, 6, 0>
7;23;(4,2);;<2, 6, 7, 0>
7;24;(3,2);outputNeighborhood;<2, 6, 6, 0>
7;24;(3,2);;<2, 6, 7, 0>
7;25;(1,2);outputNeighborhood;<2, 6, 6, 0>
7;25;(1,2);;<2, 6, 7, 0>
8;1;(3,4);outputNeighborhood;<2, 6, 7, 0>
8;1;(3,4);;<2, 6, 8, 0>
8;2;(4,3);outputNeighborhood;<2, 6, 7, 0>
8;2;(4,3);;<2, 6, 8, 0>
8;3;(1,3);outputNeighborhood;<2, 6, 7, 0>
8;3;(1,3);;<2, 6, 8, 0>
8;4;(0,4);outputNeighborhood;<2, 6, 7, 0>
8;4;(0,4);;<2, 6, 8, 0>
8;5;(0,3);outputNeighborhood;<2, 6, 7, 0>
8;5;(0,3);;<2, 6, 8, 0>
8;6;(0,0);outputNeighborhood;<2, 6, 7, 0>
8;6;(0,0);;<2, 6, 8, 0>
8;7;(1,0);outputNeighborhood;<2, 6, 7, 0>
8;7;(1,0);;<2, 6, 8, 0>
8;8;(2,2);outputNeighborhood;<2, 6, 7, 0>
8;8;(2,2);;<2, 6, 8, 0>
8;9;(2,0);outputNeighborhood;<2, 6, 7, 0>
8;9;(2,0);;<2, 6, 8, 0>
8;10;(3,0);outputNeighborhood;<2, 6, 7, 0>
8;10;(3,0);;<2, 6, 8, 0>
8;11;(1,1);outputNeighborhood;<2, 6, 7, 0>
8;11;(1,1);;<2, 6, 8, 0>
8;12;(2,1);outputNeighborhood;<2, 6, 7, 0>
8;12;(2,1);;<2, 6, 8, 0>
8;13;(1,4);outputNeighborhood;<2, 6, 7, 0>
8;13;(1,4);;<2, 6, 8, 0>
8;14;(4,0);outputNeighborhood;<2, 6, 7, 0>
8;14;(4,0);;<2, 6, 8, 0>
8;15;(3,3);outputNeighborhood;<2, 6, 7, 0>
8;15;(3,3);;<2, 6, 8, 0>
8;16;(4,1);outputNeighborhood;<2, 6, 7, 0>
8;16;(4,1);;<2, 6, 8, 0>
8;17;(0,2);outputNeighborhood;<2, 6, 7, 0>
8;17;(0,2);;<2, 6, 8, 0>
8;18;(0,1);outputNeighborhood;<2, 6, 7, 0>
8;18;(0,1);;<2, 6, 8, 0>
8;19;(4,4);outputNeighborhood;<2, 6, 7, 0>
8;19;(4,4);;<2, 6, 8, 0>
8;20;(2,4);outputNeighborhood;<2, 6, 7, 0>
8;20;(2,4);;<2, 6, 8, 0>
8;21;(3,1);outputNeighborhood;<2, 6, 7, 0>
8;21;(3,1);;<2, 6, 8, 0>
8;22;(2,3);outputNeighborhood;<2, 6, 7, 0>
8;22;(2,3);;<2, 6, 8, 0>
8;23;(4,2);outputNeighborhood;<2, 6, 7, 0>
8;23;(4,2);;<2, 6, 8, 0>
8;24;(3,2);outputNeighborhood;<2, 6, 7, 0>
8;24;(3,2);;<2, 6, 8, 0>
8;25;(1,2);outputNeighborhood;<2, 6, 7, 0>
8;25;(1,2);;<2, 6, 8, 0>
9;1;(3,4);outputNeighborhood;<2, 6, 8, 0>
9;1;(3,4);;<0, 6, 9, 1>
9;2;(4,3);outputNeighborhood;<2, 6, 8, 0>
9;2;(4,3);;<0, 6, 9, 1>
9;3;(1,3);outputNeighborhood;<2, 6, 8, 0>
9;3;(1,3);;<0, 6, 9, 1>
9;4;(0,4);outputNeighborhood;<2, 6, 8, 0>
9;4;(0,4);;<0, 6, 9, 1>
9;5;(0,3);outputNeighborhood;<2, 6, 8, 0>
9;5;(0,3);;<0, 6, 9, 1>
9;6;(0,0);outputNeighborhood;<2, 6, 8, 0>
9;6;(0,0);;<0, 6, 9, 1>
9;7;(1,0);outputNeighborhood;<2, 6, 8, 0>
9;7;(1,0);;<0, 6, 9, 1>
9;8;(2,2);outputNeighborhood;<2, 6, 8, 0>
9;8;(2,2);;<0, 6, 9, 1>
9;9;(2,0);outputNeighborhood;<2, 6, 8, 0>
9;9;(2,0);;<0, 6, 9, 1>
9;10;(3,0);outputNeighborhood;<2, 6, 8, 0>
9;10;(3,0);;<0, 6, 9, 1>
9;11;(1,1);outputNeighborhood;<2, 6, 8, 0>
9;11;(1,1);;<0, 6, 9, 1>
9;12;(2,1);outputNeighborhood;<2, 6, 8, 0>
9;12;(2,1);;<0, 6, 9, 1>
9;13;(1,4);outputNeighborhood;<2, 6, 8, 0>
9;13;(1,4);;<0, 6, 9, 1>
9;14;(4,0);outputNeighborhood;<2, 6, 8, 0>
9;14;(4,0);;<0, 6, 9, 1>
9;15;(3,3);outputNeighborhood;<2, 6, 8, 0>
9;15;(3,3);;<0, 6, 9, 1>
9;16;(4,1);outputNeighborhood;<2, 6, 8, 0>
9;16;(4,1);;<0, 6, 9, 1>
9;17;(0,2);outputNeighborhood;<2, 6, 8, 0>
9;17;(0,2);;<0, 6, 9, 1>
9;18;(0,1);outputNeighborhood;<2, 6, 8, 0>
9;18;(0,1);;<0, 6, 9, 1>
9;19;(4,4);outputNeighborhood;<2, 6, 8, 0>
9;19;(4,4);;<0, 6, 9, 1>
9;20;(2,4);outputNeighborhood;<2, 6, 8, 0>
9;20;(2,4);;<0, 6, 9, 1>
9;21;(3,1);outputNeighborhood;<2, 6, 8, 0>
9;21;(3,1);;<0, 6, 9, 1>
9;22;(2,3);outputNeighborhood;<2, 6, 8, 0>
9;22;(2,3);;<0, 6, 9, 1>
9;23;(4,2);outputNeighborhood;<2, 6, 8, 0>
9;23;(4,2);;<0, 6, 9, 1>
9;24;(3,2);outputNeighborhood;<2, 6, 8, 0>
9;24;(3,2);;<0, 6, 9, 1>
9;25;(1,2);outputNeighborhood;<2, 6, 8, 0>
9;25;(1,2);;<0, 6, 9, 1>
10;1;(3,4);outputNeighborhood;<0, 6, 9, 1>
10;1;(3,4);;<0, 6, 9, 1>
10;2;(4,3);outputNeighborhood;<0, 6, 9, 1>
10;2;(4,3);;<0, 6, 9, 1>
10;3;(1,3);outputNeighborhood;<0, 6, 9, 1>
10;3;(1,3);;<0, 6, 9, 1>
10;4;(0,4);outputNeighborhood;<0, 6, 9, 1>
10;4;(0,4);;<0, 6, 9, 1>
10;5;(0,3);outputNeighborhood;<0, 6, 9, 1>
10;5;(0,3);;<0, 6, 9, 1>
10;6;(0,0);outputNeighborhood;<0, 6, 9, 1>
10;6;(0,0);;<0, 6, 9, 1>
10;7;(1,0);outputNeighborhood;<0, 6, 9, 1>
10;7;(1,0);;<0, 6, 9, 1>
10;8;(2,2);outputNeighborhood;<0, 6, 9, 1>
10;8;(2,2);;<0, 6, 9, 1>
10;9;(2,0);outputNeighborhood;<0, 6, 9, 1>
10;9;(2,0);;<0, 6, 9, 1>
10;10;(3,0);outputNeighborhood;<0, 6, 9, 1>
10;10;(3,0);;<0, 6, 9, 1>
10;11;(1,1);outputNeighborhood;<0, 6, 9, 1>
10;11;(1,1);;<0, 6, 9, 1>
10;12;(2,1);outputNeighborhood;<0, 6, 9, 1>
10;12;(2,1);;<0, 6, 9, 1>
10;13;(1,4);outputNeighborhood;<0, 6, 9, 1>
10;13;(1,4);;<0, 6, 9, 1>
10;14;(4,0);outputNeighborhood;<0, 6, 9, 1>
10;14;(4,0);;<0, 6, 9, 1>
10;15;(3,3);outputNeighborhood;<0, 6, 9, 1>
10;15;(3,3);;<0, 6, 9, 1>
10;16;(4,1);outputNeighborhood;<0, 6, 9, 1>
10;16;(4,1);;<0, 6, 9, 1>
10;17;(0,2);outputNeighborhood;<0, 6, 9, 1>
10;17;(0,2);;<0, 6, 9, 1>
10;18;(0,1);outputNeighborhood;<0, 6, 9, 1>
10;18;(0,1);;<0, 6, 9, 1>
10;19;(4,4);outputNeighborhood;<0, 6, 9, 1>
10;19;(4,4);;<0, 6, 9, 1>
10;20;(2,4);outputNeighborhood;<0, 6, 9, 1>
10;20;(2,4);;<0, 6, 9, 1>
10;21;(3,1);outputNeighborhood;<0, 6, 9, 1>
10;21;(3,1);;<0, 6, 9, 1>
10;22;(2,3);outputNeighborhood;<0, 6, 9, 1>
10;22;(2,3);;<0, 6, 9, 1>
10;23;(4,2);outputNeighborhood;<0, 6, 9, 1>
10;23;(4,2);;<0, 6, 9, 1>
10;24;(3,2);outputNeighborhood;<0, 6, 9, 1>
10;24;(3,2);;<0, 6, 9, 1>
10;25;(1,2);outputNeighborhood;<0, 6, 9, 1>
10;25;(1,2);;<0, 6, 9, 1>
10;1;(3,4);;<0, 6, 9, 1>
10;2;(4,3);;<0, 6, 9, 1>
10;3;(1,3);;<0, 6, 9, 1>
10;4;(0,4);;<0, 6, 9, 1>
10;5;(0,3);;<0, 6, 9, 1>
10;6;(0,0);;<0, 6, 9, 1>
10;7;(1,0);;<0, 6, 9, 1>
10;8;(2,2);;<0, 6, 9, 1>
10;9;(2,0);;<0, 6, 9, 1>
10;10;(3,0);;<0, 6, 9, 1>
10;11;(1,1);;<0, 6, 9, 1>
10;12;(2,1);;<0, 6, 9, 1>
10;13;(1,4);;<0, 6, 9, 1>
10;14;(4,0);;<0, 6, 9, 1>
10;15;(3,3);;<0, 6, 9, 1>
10;16;(4,1);;<0, 6, 9, 1>
10;17;(0,2);;<0, 6, 9, 1>
10;18;(0,1);;<0, 6, 9, 1>
10;19;(4,4);;<0, 6, 9, 1>
10;20;(2,4);;<0, 6, 9, 1>
10;21;(3,1);;<0, 6, 9, 1>
10;22;(2,3);;<0, 6, 9, 1>
10;23;(4,2);;<0, 6, 9, 1>
10;24;(3,2);;<0, 6, 9, 1>
10;25;(1,2);;<0, 6, 9, 1>
